<?xml version="1.0" encoding="utf-8" standalone="yes" ?>
<rss version="2.0" xmlns:atom="http://www.w3.org/2005/Atom">
  <channel>
    <title>Lin Jiang | Umar Farooq</title>
    <link>http://ufarooq.github.io/authors/lin-jiang/</link>
      <atom:link href="http://ufarooq.github.io/authors/lin-jiang/index.xml" rel="self" type="application/rss+xml" />
    <description>Lin Jiang</description>
    <generator>Wowchemy (https://wowchemy.com)</generator><language>en-us</language><copyright>© 2016-2020 Umar Farooq </copyright><lastBuildDate>Mon, 01 Apr 2019 15:58:20 -0700</lastBuildDate>
    <image>
      <url>http://ufarooq.github.io/images/icon_hu0b7a4cb9992c9ac0e91bd28ffd38dd00_9727_512x512_fill_lanczos_center_2.png</url>
      <title>Lin Jiang</title>
      <link>http://ufarooq.github.io/authors/lin-jiang/</link>
    </image>
    
    <item>
      <title>Scalable Processing of Contemporary Semi-Structured Data on Commodity Parallel Processors - A Compilation-based Approach</title>
      <link>http://ufarooq.github.io/publication/asplos19/</link>
      <pubDate>Mon, 01 Apr 2019 15:58:20 -0700</pubDate>
      <guid>http://ufarooq.github.io/publication/asplos19/</guid>
      <description></description>
    </item>
    
  </channel>
</rss>
