<?xml version="1.0" encoding="utf-8" standalone="yes" ?>
<rss version="2.0" xmlns:atom="http://www.w3.org/2005/Atom">
  <channel>
    <title>Umar Farooq</title>
    <link>http://ufarooq.github.io/authors/admin/</link>
      <atom:link href="http://ufarooq.github.io/authors/admin/index.xml" rel="self" type="application/rss+xml" />
    <description>Umar Farooq</description>
    <generator>Wowchemy (https://wowchemy.com)</generator><language>en-us</language><copyright>© 2016-2020 Umar Farooq </copyright>
    <image>
      <url>http://ufarooq.github.io/images/icon_hu0b7a4cb9992c9ac0e91bd28ffd38dd00_9727_512x512_fill_lanczos_center_2.png</url>
      <title>Umar Farooq</title>
      <link>http://ufarooq.github.io/authors/admin/</link>
    </image>
    
  </channel>
</rss>
