<?xml version="1.0" encoding="utf-8" standalone="yes" ?>
<rss version="2.0" xmlns:atom="http://www.w3.org/2005/Atom">
  <channel>
    <title>0 | Umar Farooq</title>
    <link>http://ufarooq.github.io/publication_types/0/</link>
      <atom:link href="http://ufarooq.github.io/publication_types/0/index.xml" rel="self" type="application/rss+xml" />
    <description>0</description>
    <generator>Wowchemy (https://wowchemy.com)</generator><language>en-us</language><copyright>© 2016-2020 Umar Farooq </copyright><lastBuildDate>Sat, 01 Jun 2019 16:07:09 -0700</lastBuildDate>
    <image>
      <url>http://ufarooq.github.io/images/icon_hu0b7a4cb9992c9ac0e91bd28ffd38dd00_9727_512x512_fill_lanczos_center_2.png</url>
      <title>0</title>
      <link>http://ufarooq.github.io/publication_types/0/</link>
    </image>
    
    <item>
      <title>RuntimeDroid: Restarting-Free Runtime Change Handling for Android Apps</title>
      <link>http://ufarooq.github.io/publication/getmobile/</link>
      <pubDate>Sat, 01 Jun 2019 16:07:09 -0700</pubDate>
      <guid>http://ufarooq.github.io/publication/getmobile/</guid>
      <description></description>
    </item>
    
  </channel>
</rss>
